{
    "test_accuracy": 0.791156462585034,
    "test_precision_weighted": 0.7970310612294184,
    "test_recall_weighted": 0.791156462585034,
    "test_f1_weighted": 0.7873132949300454,
    "cv_f1_mean": 0.7960894820017523,
    "cv_f1_std": 0.004801831428637226
}